samples,v_set_min,v_set_max,v_meas_mean,i_meas_mean,p_meas_mean
21,0.0,5.0,2.4507652124499604,0.2448263827639153,0.8280175056637589
